subject_area,source_data_category,source_catalog_name,source_schema_name,source_table_name,source_file_pattern,source_column_name,source_datatype,dynamic_column,job_name,job_description,task_name,target_data_category,target_catalog_name,target_schema_name,target_table_name,target_column_name,target_datatype,object_created,trasformation_logic,watermark_column,watermark_datetime,max_key_value,deploy_status
product_sales,csv_withheader_comma_3_7,source,/Volumes,/source/default/product_sales/,,!,!,,source_to_landing,source_to_landing_product_sales,csv_ingestion,csv_withheader_comma_3_7,data_engineering,/Volumes,/data_engineering/landing/raw/,!,!,N,,!,-1,-1,1
product_sales,csv_withheader_comma_3_7,data_engineering,/Volumes,/data_engineering/landing/raw/,sales_vendor1-YYYY-MM-DD.csv,order date,string,N,landing_to_raw,landing_to_raw_product_sales,truncate_load,delta,data_engineering,raw,sales_vendor1,order_date,string,N,,!,-1,-1,1
product_sales,csv_withheader_comma_3_7,data_engineering,/Volumes,/data_engineering/landing/raw/,sales_vendor1-YYYY-MM-DD.csv,order hour|order time,string,mult,landing_to_raw,landing_to_raw_product_sales,truncate_load,delta,data_engineering,raw,sales_vendor1,order_hour,string,N,,!,-1,-1,1
product_sales,csv_withheader_comma_3_7,data_engineering,/Volumes,/data_engineering/landing/raw/,sales_vendor1-YYYY-MM-DD.csv,product id,string,N,landing_to_raw,landing_to_raw_product_sales,truncate_load,delta,data_engineering,raw,sales_vendor1,product_id,string,N,,!,-1,-1,1
product_sales,csv_withheader_comma_3_7,data_engineering,/Volumes,/data_engineering/landing/raw/,sales_vendor1-YYYY-MM-DD.csv,product name,string,N,landing_to_raw,landing_to_raw_product_sales,truncate_load,delta,data_engineering,raw,sales_vendor1,product_name,string,N,,!,-1,-1,1
product_sales,csv_withheader_comma_3_7,data_engineering,/Volumes,/data_engineering/landing/raw/,sales_vendor1-YYYY-MM-DD.csv,unit_cost DD/MM/YYYY,string,pat,landing_to_raw,landing_to_raw_product_sales,truncate_load,delta,data_engineering,raw,sales_vendor1,unit_cost,string,N,,!,-1,-1,1
product_sales,csv_withheader_comma_3_7,data_engineering,/Volumes,/data_engineering/landing/raw/,sales_vendor1-YYYY-MM-DD.csv,store id,string,N,landing_to_raw,landing_to_raw_product_sales,truncate_load,delta,data_engineering,raw,sales_vendor1,store_id,string,N,,!,-1,-1,1
product_sales,csv_withheader_comma_3_7,data_engineering,/Volumes,/data_engineering/landing/raw/,sales_vendor1-YYYY-MM-DD.csv,store name,string,N,landing_to_raw,landing_to_raw_product_sales,truncate_load,delta,data_engineering,raw,sales_vendor1,store_name,string,N,,!,-1,-1,1
product_sales,csv_withheader_comma_3_7,data_engineering,/Volumes,/data_engineering/landing/raw/,sales_vendor1-YYYY-MM-DD.csv,store location,string,N,landing_to_raw,landing_to_raw_product_sales,truncate_load,delta,data_engineering,raw,sales_vendor1,store_location,string,N,,!,-1,-1,1
product_sales,delta,data_engineering,raw,sales_vendor1,,order_date,string,,raw_to_enriched,raw_to_enriched_product_sales,incremental_load,delta,data_engineering,enriched,sales_vendor1,order_date,date,N,,etl_load_timestamp,1,-1,1
product_sales,delta,data_engineering,raw,sales_vendor1,,order_hour,string,,raw_to_enriched,raw_to_enriched_product_sales,incremental_load,delta,data_engineering,enriched,sales_vendor1,order_hour,int,N,,etl_load_timestamp,1,-1,1
product_sales,delta,data_engineering,raw,sales_vendor1,,product_id,string,,raw_to_enriched,raw_to_enriched_product_sales,incremental_load,delta,data_engineering,enriched,sales_vendor1,product_id,string,N,,etl_load_timestamp,1,-1,1
product_sales,delta,data_engineering,raw,sales_vendor1,,product_name,string,,raw_to_enriched,raw_to_enriched_product_sales,incremental_load,delta,data_engineering,enriched,sales_vendor1,product_name,string,N,,etl_load_timestamp,1,-1,1
product_sales,delta,data_engineering,raw,sales_vendor1,,unit_cost,string,,raw_to_enriched,raw_to_enriched_product_sales,incremental_load,delta,data_engineering,enriched,sales_vendor1,unit_cost,double,N,,etl_load_timestamp,1,-1,1
product_sales,delta,data_engineering,raw,sales_vendor1,,store_id,string,,raw_to_enriched,raw_to_enriched_product_sales,incremental_load,delta,data_engineering,enriched,sales_vendor1,store_id,string,N,,etl_load_timestamp,1,-1,1
product_sales,delta,data_engineering,raw,sales_vendor1,,store_name,string,,raw_to_enriched,raw_to_enriched_product_sales,incremental_load,delta,data_engineering,enriched,sales_vendor1,store_name,string,N,,etl_load_timestamp,1,-1,1
product_sales,delta,data_engineering,raw,sales_vendor1,,store_location,string,,raw_to_enriched,raw_to_enriched_product_sales,incremental_load,delta,data_engineering,enriched,sales_vendor1,store_location,string,N,,etl_load_timestamp,1,-1,1
product_sales,delta,data_engineering,raw,sales_vendor1,,order_quantity,string,,raw_to_enriched,raw_to_enriched_product_sales,incremental_load,delta,data_engineering,enriched,sales_vendor1,order_quantity,int,N,,etl_load_timestamp,1,-1,1
product_sales,delta,data_engineering,raw,sales_vendor1,,order_amount,string,,raw_to_enriched,raw_to_enriched_product_sales,incremental_load,delta,data_engineering,enriched,sales_vendor1,order_amount,double,N,,etl_load_timestamp,1,-1,1
product_sales,delta,data_engineering,raw,sales_vendor1,,order_quantity,string,,raw_to_enriched,raw_to_enriched_product_sales,incremental_load,delta,data_engineering,enriched,sales_vendor1,order_quantity2,int,N,,etl_load_timestamp,1,-1,1
product_sales,delta,data_engineering,raw,sales_vendor1,,order_amount,string,,raw_to_enriched,raw_to_enriched_product_sales,incremental_load,delta,data_engineering,enriched,sales_vendor1,order_amount2,double,N,,etl_load_timestamp,1,-1,1
